{"cameraMode":{"drawMode":0,"name":"Shaded","section":"Shading Mode"},"sceneLighting":true,"audioPlay":false,"sceneViewState":{"showFog":false,"showMaterialUpdate":false,"showSkybox":false,"showFlares":false,"showImageEffects":false,"showParticleSystems":false,"showVisualEffectGraphs":true,"m_FxEnabled":false},"in2DMode":false,"pivot":{"x":-2.072147846221924,"y":1.8822567462921143,"z":87.85417175292969},"rotation":{"x":0.00960034504532814,"y":-0.018034763634204866,"z":-0.00021275492326822132,"w":-0.9998109936714172},"size":1.1716442108154297,"orthographic":false}