{"cameraMode":{"drawMode":0,"name":"Shaded","section":"Shading Mode"},"sceneLighting":true,"audioPlay":false,"sceneViewState":{"showFog":false,"showMaterialUpdate":false,"showSkybox":false,"showFlares":false,"showImageEffects":false,"showParticleSystems":false,"showVisualEffectGraphs":true,"m_FxEnabled":false},"in2DMode":false,"pivot":{"x":21.05901336669922,"y":2.3455309867858888,"z":-24.70245361328125},"rotation":{"x":0.02310098335146904,"y":0.0014639690052717925,"z":-0.000004937689936923562,"w":-0.9997515082359314},"size":5.479130268096924,"orthographic":false}