{"cameraMode":{"drawMode":0,"name":"Shaded","section":"Shading Mode"},"sceneLighting":true,"audioPlay":false,"sceneViewState":{"showFog":false,"showMaterialUpdate":false,"showSkybox":false,"showFlares":false,"showImageEffects":false,"showParticleSystems":false,"showVisualEffectGraphs":true,"m_FxEnabled":false},"in2DMode":false,"pivot":{"x":-2.697202205657959,"y":-2.1898670196533205,"z":-0.37835121154785159},"rotation":{"x":0.27908217906951907,"y":-0.09916283190250397,"z":0.028995966538786889,"w":0.9547070860862732},"size":25.607643127441408,"orthographic":true}